id;profesional_type;price_per_hour;description;creation_date;state
1;79706;61331;Vermont Wooden;2020-11-01T13:05:36;false
2;98709;55497;capacitor instruction set;2020-11-01T15:05:25;false
3;44479;64094;invoice Direct microchip;2020-11-01T00:33:21;false
4;21677;48340;optimizing Mouse;2020-11-01T04:16:53;true
5;61887;69159;parsing Square optical;2020-11-01T22:51:46;true
6;65568;52015;backing up Ameliorated;2020-11-01T05:06:31;false
7;39765;42418;Handmade Rubber Salad alarm indexing;2020-11-01T19:37:24;true
8;23078;35859;Car compelling;2020-11-01T13:51:43;false
9;76021;23015;Keys purple communities;2020-11-01T15:24:24;false
10;47107;69389;Shirt Concrete;2020-11-01T00:19:45;false
