id;name;description;state;creation_date
1;hack JBOD Frozen;Small Steel Towels superstructure;false;2020-11-01T07:38:27
2;bandwidth Focused Montana;Small Fresh Sausages;true;2020-11-01T17:42:07
3;Jordan back up;Communications;true;2020-11-01T23:14:37
4;Plastic Unbranded Wooden Shoes;Face to face multimedia;false;2020-11-01T14:32:28
5;orchid parsing;Movies Serbian Dinar Intelligent Fresh Ball;true;2020-11-01T16:56:39
6;driver hacking;Ball Maryland gold;false;2020-11-01T23:32:13
7;orchid;Sports Spring markets;false;2020-11-01T15:12:57
8;indexing withdrawal;copying;true;2020-11-01T03:05:57
9;Estate invoice Persevering;Iowa;false;2020-11-01T02:31:43
10;Hat Administrator;calculate;true;2020-11-01T18:42:38
