id;title;message;creation_date;state
1;Networked Personal Loan Account;program Sharable Palau;2020-11-01T18:52:18;true
2;Vatu;Steel firewall;2020-11-01T05:31:06;false
3;interface South Dakota RAM;web-enabled deposit Internal;2020-11-01T14:55:30;false
4;payment;Generic Administrator Ohio;2020-11-01T22:38:31;false
5;application 1080p withdrawal;Pizza Islands;2020-11-01T18:52:28;false
6;Cambridgeshire protocol;De-engineered;2020-11-01T09:09:59;true
7;Officer;expedite;2020-11-01T15:17:30;false
8;Cross-group Towels modular;Consultant Handcrafted;2020-11-01T10:03:31;true
9;North Carolina teal customer loyalty;Kids help-desk;2020-11-01T20:56:43;true
10;Wisconsin channels middleware;salmon;2020-11-01T02:43:15;false
