id;troubleshooting_commentary;next_step_commentary;creation_date
1;Home Loan Account;mission-critical;2020-11-01T13:36:48
2;Maldives;hacking Borders;2020-11-01T10:10:27
3;Avon;Cotton Pants;2020-11-01T01:41:17
4;Lodge;Sudan Reverse-engineered panel;2020-11-01T17:55:33
5;bus indexing withdrawal;Integration Table;2020-11-01T23:48:01
6;Integration paradigms Isle;ROI disintermediate;2020-11-01T21:42:16
7;integrated Steel policy;maroon;2020-11-01T01:09:49
8;harness;Ergonomic Cotton Keyboard Interactions Incredible;2020-11-01T03:43:09
9;sticky Handmade Bedfordshire;Small Frozen Ball;2020-11-01T07:48:43
10;United States Minor Outlying Islands repurpose;Surinam Dollar protocol;2020-11-01T14:16:13
