id;identification;birthdate;profile_picture;signature_picture;signature_code;state;creation_date
1;Interactions Unbranded Plastic Sausages open system;2020-11-01T17:03:55;strategic virtual;installation Chips Refined Granite Cheese;platforms Rustic Soft Hat;false;2020-11-01T20:54:10
2;Refined ADP archive;2020-11-01T06:01:26;Human JSON Fresh;Factors;open-source Brand;false;2020-11-01T20:28:15
3;Books;2020-11-01T01:18:21;Rwanda Franc;Incredible Iowa Cedi;systems back-end;true;2020-11-01T19:20:44
4;EXE;2020-11-01T03:02:39;Forest Avon;Marketing;neural-net e-enable Wooden;true;2020-11-01T07:40:54
5;Quality-focused redundant back-end;2020-11-01T17:46:40;JSON;portals Coordinator Manager;unleash Beauty;true;2020-11-01T18:57:06
6;digital;2020-11-01T01:03:42;synthesizing;Berkshire Armenia impactful;fuchsia;false;2020-11-01T08:52:57
7;Bedfordshire protocol Berkshire;2020-11-01T07:36:53;New York Awesome;secured line;mobile Bedfordshire;true;2020-11-01T04:09:14
8;bi-directional violet;2020-11-01T13:24:13;budgetary management;Future-proofed multi-byte Forward;regional systemic;true;2020-11-01T09:20:32
9;Global invoice;2020-11-01T00:28:00;solid state;European Unit of Account 17(E.U.A.-17);Avon withdrawal;false;2020-11-01T10:13:17
10;Wyoming Brook vortals;2020-11-01T10:42:14;Metal;Rapid Designer Illinois;Intranet extend pixel;true;2020-11-01T05:34:14
